{"Mississippi": 31.142618809109926, "Oklahoma": 60.49924768404697, "Delaware": 32.365283902041924, "Minnesota": 15.121545300335159, "Illinois": 26.521350690543844, "Arkansas": 20.86482138109184, "New Mexico": 0, "Indiana": 18.845509491268036, "Maryland": 8.230922518583824, "Louisiana": 44.8641610366646, "Idaho": 212.85202455634203, "Wyoming": 66.09510110143022, "Tennessee": 138.47247789480036, "Arizona": 93.865930774019, "Iowa": 42.58357369574527, "Michigan": 28.266820453914317, "Kansas": 11.043472286271934, "Utah": 16.430552328208307, "Virginia": 109.3226473252246, "Oregon": 39.96153582316465, "Connecticut": 121.40051629200691, "Montana": 0, "California": 348.3280192052342, "Massachusetts": 134.86551048171992, "West Virginia": 166.71829545074837, "South Carolina": 51.855620306355675, "New Hampshire": 20.81691772480957, "Wisconsin": 238.93129693742554, "Vermont": 0, "Georgia": 75.32305098039215, "North Dakota": 155.75659163135595, "Pennsylvania": 25.119790521704502, "Florida": 150.68310161920715, "Alaska": 0, "Kentucky": 94.56988987392005, "Hawaii": 11.488474750218842, "Nebraska": 35.21053957311415, "Missouri": 50.28077174033066, "Ohio": 53.520893939874924, "Alabama": 60.171083156927544, "Rhode Island": 49.20483289659343, "South Dakota": 5.4424269837167225, "Colorado": 170.0497785793007, "New Jersey": 72.87048256603377, "Washington": 11.72157604221791, "North Carolina": 43.973198837359725, "New York": 74.32824490198334, "Texas": 321.83821466045976, "Nevada": 0, "Maine": 76.87320981287756}